ts,dispositivo_id,p_ac_kw,irradiancia_wm2,temp_modulo_c
2026-09-01 09:00:00,INV-01,2.666,561.7,35.3
2026-09-03 15:35:00,INV-01,2.117,442.6,30.8
2026-09-01 23:10:00,INV-01,0.0,0.0,18.7
2026-09-02 17:50:00,INV-01,0.104,21.3,18.9
2026-09-03 12:30:00,INV-01,4.028,894.5,43.2
2026-09-01 01:05:00,INV-01,0.0,0.0,17.4
2026-09-01 01:25:00,INV-01,0.0,0.0,18.2
2026-09-01 04:45:00,INV-01,0.0,0.0,18.5
2026-09-01 20:00:00,INV-01,0.0,0.0,18.9
2026-09-03 09:05:00,INV-01,2.622,551.2,35.5
2026-09-02 22:05:00,INV-01,0.0,0.0,18.2
2026-09-01 15:45:00,INV-01,1.758,364.4,30.1
2026-09-03 19:10:00,INV-01,0.0,0.0,17.4
2026-09-02 02:55:00,INV-01,0.0,0.0,17.4
2026-09-01 13:50:00,INV-01,3.453,757.1,41.2
2026-09-03 00:25:00,INV-01,0.0,0.0,18.2
2026-09-03 15:30:00,INV-01,2.101,438.8,32.3
2026-09-01 05:25:00,INV-01,0.0,0.0,18.6
2026-09-03 08:00:00,INV-01,1.536,320.0,28.6
2026-09-02 07:00:00,INV-01,0.482,97.3,21.4
2026-09-02 03:20:00,INV-01,0.0,0.0,18.1
2026-09-01 07:15:00,INV-01,0.761,154.0,23.9
2026-09-01 18:55:00,INV-01,0.0,0.0,17.8
2026-09-03 00:45:00,INV-01,0.0,0.0,18.0
2026-09-02 22:30:00,INV-01,0.0,0.0,17.5
2026-09-03 23:30:00,INV-01,0.0,0.0,18.6
2026-09-02 11:30:00,INV-01,4.203,922.5,44.8
2026-09-02 16:10:00,INV-01,1.618,331.1,28.2
2026-09-01 03:00:00,INV-01,0.0,0.0,18.7
2026-09-01 12:20:00,INV-01,4.424,981.0,46.4
2026-09-03 07:30:00,INV-01,1.066,219.1,25.5
2026-09-03 03:55:00,INV-01,0.0,0.0,17.0
2026-09-03 00:55:00,INV-01,0.0,0.0,17.5
2026-09-02 14:00:00,INV-01,3.416,746.2,40.3
2026-09-01 16:10:00,INV-01,1.625,331.2,28.2
2026-09-01 16:15:00,INV-01,1.439,295.4,28.4
2026-09-03 04:45:00,INV-01,0.0,0.0,18.0
2026-09-03 23:10:00,INV-01,0.0,0.0,18.7
2026-09-03 14:50:00,INV-01,3.019,634.9,36.5
2026-09-03 09:55:00,INV-01,3.531,764.4,40.9
2026-09-02 13:00:00,INV-01,3.989,873.3,43.0
2026-09-02 01:15:00,INV-01,0.0,0.0,17.1
2026-09-02 19:30:00,INV-01,0.0,0.0,18.7
2026-09-01 16:25:00,INV-01,1.303,263.6,26.5
2026-09-02 10:15:00,INV-01,3.886,834.5,41.7
2026-09-02 20:05:00,INV-01,0.0,0.0,18.1
2026-09-02 13:40:00,INV-01,3.852,836.6,42.4
2026-09-02 21:40:00,INV-01,0.0,0.0,18.1
2026-09-03 23:40:00,INV-01,0.0,0.0,18.3
2026-09-02 01:25:00,INV-01,0.0,0.0,17.4
2026-09-03 04:10:00,INV-01,0.0,0.0,18.2
2026-09-01 17:00:00,INV-01,0.697,143.5,23.4
2026-09-03 14:35:00,INV-01,3.072,660.1,37.0
2026-09-02 10:00:00,INV-01,3.752,811.3,40.6
2026-09-01 09:20:00,INV-01,2.938,615.9,35.9
2026-09-02 07:45:00,INV-01,1.277,261.2,27.3
2026-09-01 04:50:00,INV-01,0.0,0.0,17.3
2026-09-01 07:40:00,INV-01,1.087,219.0,26.5
2026-09-01 19:40:00,INV-01,0.0,0.0,18.3
2026-09-02 23:35:00,INV-01,0.0,0.0,17.4
2026-09-03 01:25:00,INV-01,0.0,0.0,18.0
2026-09-02 18:50:00,INV-01,0.0,0.0,17.8
2026-09-01 03:25:00,INV-01,0.0,0.0,17.1
2026-09-01 21:55:00,INV-01,0.0,0.0,17.2
2026-09-03 16:30:00,INV-01,1.124,229.7,24.9
2026-09-01 18:25:00,INV-01,0.0,0.0,17.9
2026-09-01 02:05:00,INV-01,0.0,0.0,17.7
2026-09-03 23:45:00,INV-01,0.0,0.0,19.0
2026-09-02 19:45:00,INV-01,0.0,0.0,18.5
2026-09-02 16:00:00,INV-01,1.636,340.1,29.8
2026-09-01 13:00:00,INV-01,4.309,938.1,43.5
2026-09-03 17:05:00,INV-01,0.61,123.3,22.4
2026-09-02 06:25:00,INV-01,0.0,0.0,18.2
2026-09-03 18:40:00,INV-01,0.0,0.0,18.0
2026-09-01 19:00:00,INV-01,0.0,0.0,18.5
2026-09-01 00:55:00,INV-01,0.0,0.0,18.0
2026-09-03 22:00:00,INV-01,0.0,0.0,17.1
2026-09-02 08:20:00,INV-01,2.036,429.0,30.7
2026-09-03 22:50:00,INV-01,0.0,0.0,19.0
2026-09-02 05:20:00,INV-01,0.0,0.0,18.1
2026-09-01 12:15:00,INV-01,4.226,940.1,43.8
2026-09-01 14:55:00,INV-01,2.625,564.3,35.2
2026-09-03 08:40:00,INV-01,2.507,532.1,33.8
2026-09-02 05:25:00,INV-01,0.0,0.0,17.5
2026-09-02 11:10:00,INV-01,4.239,925.0,45.0
2026-09-01 21:50:00,INV-01,0.0,0.0,18.4
2026-09-01 23:00:00,INV-01,0.0,0.0,18.0
2026-09-01 08:00:00,INV-01,1.781,371.3,29.3
2026-09-03 08:25:00,INV-01,2.176,454.6,32.2
2026-09-03 21:00:00,INV-01,0.0,0.0,19.0
2026-09-02 23:10:00,INV-01,0.0,0.0,17.8
2026-09-02 20:45:00,INV-01,0.0,0.0,18.9
2026-09-03 12:45:00,INV-01,4.111,893.4,43.4
2026-09-01 20:15:00,INV-01,0.0,0.0,17.3
2026-09-03 22:25:00,INV-01,0.0,0.0,18.2
2026-09-02 04:05:00,INV-01,0.0,0.0,17.2
2026-09-01 18:20:00,INV-01,0.0,0.0,17.3
2026-09-01 20:40:00,INV-01,0.0,0.0,18.4
2026-09-01 12:45:00,INV-01,4.278,949.4,45.6
2026-09-03 14:40:00,INV-01,2.933,631.8,37.8
2026-09-03 02:40:00,INV-01,0.0,0.0,18.4
2026-09-03 20:35:00,INV-01,0.0,0.0,18.1
2026-09-01 06:05:00,INV-01,0.0,0.0,19.0
2026-09-02 08:10:00,INV-01,1.636,335.3,29.9
2026-09-02 00:45:00,INV-01,0.0,0.0,17.2
2026-09-03 18:25:00,INV-01,0.0,0.0,18.5
2026-09-01 07:50:00,INV-01,1.549,322.8,28.7
2026-09-02 23:15:00,INV-01,0.0,0.0,17.3
2026-09-02 14:15:00,INV-01,3.237,697.2,39.2
2026-09-01 23:50:00,INV-01,0.0,0.0,18.5
2026-09-03 22:10:00,INV-01,0.0,0.0,17.7
2026-09-02 21:10:00,INV-01,0.0,0.0,18.3
2026-09-01 15:25:00,INV-01,2.395,500.7,33.5
2026-09-02 08:15:00,INV-01,1.951,400.5,31.4
2026-09-01 15:05:00,INV-01,2.651,561.0,34.7
2026-09-02 16:25:00,INV-01,1.234,248.9,25.3
2026-09-02 20:30:00,INV-01,0.0,0.0,18.5
2026-09-01 06:10:00,INV-01,0.023,4.7,18.0
2026-09-01 12:35:00,INV-01,4.393,961.6,45.9
2026-09-03 23:25:00,INV-01,0.0,0.0,17.6
2026-09-03 21:55:00,INV-01,0.0,0.0,18.0
2026-09-02 09:35:00,INV-01,3.114,663.2,37.0
2026-09-01 23:30:00,INV-01,0.0,0.0,18.3
2026-09-01 01:10:00,INV-01,0.0,0.0,18.3
2026-09-01 12:40:00,INV-01,4.061,900.9,43.4
2026-09-03 12:40:00,INV-01,4.276,932.5,44.0
2026-09-02 15:30:00,INV-01,2.261,467.4,32.7
2026-09-01 06:45:00,INV-01,0.614,126.6,22.8
2026-09-02 22:25:00,INV-01,0.0,0.0,18.7
2026-09-01 03:50:00,INV-01,0.0,0.0,17.2
2026-09-03 15:50:00,INV-01,2.011,419.0,31.0
2026-09-01 11:35:00,INV-01,4.27,957.1,46.0
2026-09-01 06:50:00,INV-01,0.575,116.6,22.4
2026-09-01 10:40:00,INV-01,4.019,876.7,42.9
2026-09-02 17:25:00,INV-01,0.255,52.4,21.2
2026-09-02 03:05:00,INV-01,0.0,0.0,17.6
2026-09-03 05:50:00,INV-01,0.0,0.0,18.6
2026-09-03 04:15:00,INV-01,0.0,0.0,18.7
2026-09-02 12:10:00,INV-01,4.082,905.5,44.7
2026-09-01 14:30:00,INV-01,3.103,655.2,37.1
2026-09-02 01:50:00,INV-01,0.0,0.0,18.4
2026-09-01 22:40:00,INV-01,0.0,0.0,18.6
2026-09-03 21:45:00,INV-01,0.0,0.0,17.4
2026-09-02 19:00:00,INV-01,0.0,0.0,17.9
2026-09-01 04:15:00,INV-01,0.0,0.0,17.4
2026-09-01 08:55:00,INV-01,2.41,508.0,33.6
2026-09-02 19:40:00,INV-01,0.0,0.0,17.2
2026-09-01 08:10:00,INV-01,1.725,356.3,30.4
2026-09-03 02:00:00,INV-01,0.0,0.0,17.4
2026-09-02 20:40:00,INV-01,0.0,0.0,18.4
2026-09-03 01:45:00,INV-01,0.0,0.0,18.2
2026-09-02 18:00:00,INV-01,0.05,10.0,17.4
2026-09-01 18:05:00,INV-01,0.0,0.0,18.1
2026-09-03 22:45:00,INV-01,0.0,0.0,17.3
2026-09-03 17:25:00,INV-01,0.271,54.9,19.7
2026-09-01 06:15:00,INV-01,0.107,21.7,18.5
2026-09-01 05:10:00,INV-01,0.0,0.0,18.1
2026-09-02 05:30:00,INV-01,0.0,0.0,18.9
2026-09-02 11:50:00,INV-01,4.176,907.6,44.4
2026-09-02 08:05:00,INV-01,1.677,348.5,28.8
2026-09-02 16:55:00,INV-01,0.824,168.2,23.1
2026-09-01 22:30:00,INV-01,0.0,0.0,17.2
2026-09-02 04:55:00,INV-01,0.0,0.0,17.2
2026-09-01 05:55:00,INV-01,0.0,0.0,18.9
2026-09-03 11:40:00,INV-01,4.357,947.1,44.9
2026-09-03 22:55:00,INV-01,0.0,0.0,18.5
2026-09-01 22:05:00,INV-01,0.0,0.0,18.3
2026-09-01 07:30:00,INV-01,1.039,208.2,24.3
2026-09-01 18:40:00,INV-01,0.0,0.0,17.4
2026-09-01 09:05:00,INV-01,2.959,629.2,35.6
2026-09-03 00:20:00,INV-01,0.0,0.0,17.3
2026-09-02 12:55:00,INV-01,4.162,902.3,43.3
2026-09-03 17:20:00,INV-01,0.139,28.2,19.1
2026-09-02 15:40:00,INV-01,1.953,404.6,29.9
2026-09-02 16:30:00,INV-01,0.982,197.1,24.4
2026-09-02 15:55:00,INV-01,1.894,388.7,29.1
2026-09-02 00:05:00,INV-01,0.0,0.0,18.6
2026-09-01 19:05:00,INV-01,0.0,0.0,18.7
2026-09-02 01:05:00,INV-01,0.0,0.0,18.2
2026-09-03 13:50:00,INV-01,3.613,780.6,41.3
2026-09-03 20:05:00,INV-01,0.0,0.0,18.5
2026-09-02 04:35:00,INV-01,0.0,0.0,18.4
2026-09-01 19:35:00,INV-01,0.0,0.0,17.7
2026-09-02 09:00:00,INV-01,2.577,548.1,35.6
2026-09-01 09:25:00,INV-01,3.036,648.9,37.9
2026-09-02 18:30:00,INV-01,0.0,0.0,17.9
2026-09-02 19:10:00,INV-01,0.0,0.0,17.7
2026-09-03 17:00:00,INV-01,0.685,139.4,23.4
2026-09-02 10:55:00,INV-01,4.13,913.1,44.6
2026-09-01 01:35:00,INV-01,0.0,0.0,17.0
2026-09-01 18:50:00,INV-01,0.0,0.0,18.5
2026-09-01 12:30:00,INV-01,4.164,902.4,43.6
2026-09-02 02:35:00,INV-01,0.0,0.0,18.3
2026-09-01 01:45:00,INV-01,0.0,0.0,18.4
2026-09-01 13:45:00,INV-01,3.961,852.6,42.3
2026-09-03 00:40:00,INV-01,0.0,0.0,18.3
2026-09-01 20:35:00,INV-01,0.0,0.0,17.4
2026-09-03 01:20:00,INV-01,0.0,0.0,18.4
2026-09-03 03:25:00,INV-01,0.0,0.0,18.7
2026-09-01 04:10:00,INV-01,0.0,0.0,17.7
2026-09-02 13:10:00,INV-01,4.303,931.6,43.9
2026-09-01 04:40:00,INV-01,0.0,0.0,17.3
2026-09-03 13:30:00,INV-01,3.815,836.6,42.5
2026-09-03 11:05:00,INV-01,4.005,889.3,43.2
2026-09-02 02:20:00,INV-01,0.0,0.0,18.0
2026-09-02 03:50:00,INV-01,0.0,0.0,17.5
2026-09-02 04:20:00,INV-01,0.0,0.0,17.4
2026-09-02 16:05:00,INV-01,1.481,307.2,27.4
2026-09-03 12:50:00,INV-01,4.27,951.2,44.5
2026-09-02 04:50:00,INV-01,0.0,0.0,17.6
2026-09-03 17:55:00,INV-01,0.0,0.0,18.4
2026-09-01 02:00:00,INV-01,0.0,0.0,18.9
2026-09-03 19:05:00,INV-01,0.0,0.0,18.9
2026-09-03 10:30:00,INV-01,3.883,831.7,41.1
2026-09-03 14:15:00,INV-01,3.565,762.9,39.7
2026-09-02 14:40:00,INV-01,2.881,624.2,37.2
2026-09-02 18:55:00,INV-01,0.0,0.0,17.2
2026-09-02 15:35:00,INV-01,2.012,424.3,31.7
2026-09-03 09:30:00,INV-01,3.3,700.6,38.3
2026-09-03 17:40:00,INV-01,0.059,12.1,19.1
2026-09-02 14:50:00,INV-01,2.932,617.8,36.4
2026-09-03 11:50:00,INV-01,4.301,961.5,46.2
2026-09-03 06:00:00,INV-01,0.0,0.0,17.4
2026-09-01 14:25:00,INV-01,3.18,675.1,37.1
2026-09-02 02:10:00,INV-01,0.0,0.0,17.2
2026-09-01 10:55:00,INV-01,4.127,910.0,43.5
2026-09-03 20:25:00,INV-01,0.0,0.0,18.1
2026-09-03 14:00:00,INV-01,3.623,792.4,39.8
2026-09-01 05:15:00,INV-01,0.0,0.0,18.4
2026-09-01 15:10:00,INV-01,2.41,500.3,33.4
2026-09-01 20:50:00,INV-01,0.0,0.0,17.3
2026-09-02 17:00:00,INV-01,0.467,94.1,21.1
2026-09-03 13:00:00,INV-01,4.331,939.4,44.3
2026-09-02 09:50:00,INV-01,3.575,767.4,40.1
2026-09-02 05:35:00,INV-01,0.0,0.0,18.1
2026-09-02 10:35:00,INV-01,3.855,840.1,42.4
2026-09-01 00:50:00,INV-01,0.0,0.0,17.4
2026-09-01 12:50:00,INV-01,4.283,927.9,43.7
2026-09-03 22:15:00,INV-01,0.0,0.0,17.9
2026-09-01 15:00:00,INV-01,2.588,544.6,34.4
2026-09-02 23:25:00,INV-01,0.0,0.0,17.1
2026-09-02 02:25:00,INV-01,0.0,0.0,18.5
2026-09-01 14:35:00,INV-01,3.143,675.2,37.3
2026-09-01 17:10:00,INV-01,0.338,67.8,20.9
2026-09-03 14:05:00,INV-01,3.585,777.4,40.1
2026-09-02 04:30:00,INV-01,0.0,0.0,18.0
2026-09-03 07:20:00,INV-01,0.862,175.1,24.7
2026-09-03 07:50:00,INV-01,1.546,315.0,27.6
2026-09-03 13:15:00,INV-01,3.864,835.4,42.5
2026-09-02 00:30:00,INV-01,0.0,0.0,17.5
2026-09-03 10:40:00,INV-01,3.857,830.9,41.7
2026-09-03 07:05:00,INV-01,0.672,135.8,23.6
2026-09-01 08:50:00,INV-01,2.596,554.6,35.1
2026-09-01 15:15:00,INV-01,2.523,536.7,33.3
2026-09-03 22:30:00,INV-01,0.0,0.0,18.0
2026-09-01 17:20:00,INV-01,0.456,94.0,21.0
2026-09-01 13:20:00,INV-01,4.15,899.4,43.0
2026-09-02 04:15:00,INV-01,0.0,0.0,18.5
2026-09-03 11:45:00,INV-01,4.314,952.1,44.8
2026-09-03 01:05:00,INV-01,0.0,0.0,17.2
2026-09-03 13:55:00,INV-01,3.809,822.9,40.8
2026-09-02 14:05:00,INV-01,3.374,716.0,39.2
2026-09-02 19:15:00,INV-01,0.0,0.0,17.3
2026-09-01 05:45:00,INV-01,0.0,0.0,17.5
2026-09-01 08:35:00,INV-01,2.394,504.6,32.2
2026-09-03 04:55:00,INV-01,0.0,0.0,17.6
2026-09-02 12:45:00,INV-01,4.268,939.6,44.0
2026-09-03 22:40:00,INV-01,0.0,0.0,18.2
2026-09-02 23:50:00,INV-01,0.0,0.0,17.7
2026-09-03 11:15:00,INV-01,4.036,885.8,44.4
2026-09-03 08:45:00,INV-01,2.295,474.2,31.9
2026-09-03 19:50:00,INV-01,0.0,0.0,18.7
2026-09-03 08:55:00,INV-01,2.749,582.7,34.3
2026-09-03 03:00:00,INV-01,0.0,0.0,17.1
2026-09-02 13:15:00,INV-01,4.079,890.4,42.9
2026-09-02 09:20:00,INV-01,3.109,661.6,36.8
2026-09-01 05:30:00,INV-01,0.0,0.0,17.5
2026-09-03 21:50:00,INV-01,0.0,0.0,18.0
2026-09-03 17:15:00,INV-01,0.542,110.8,22.1
2026-09-01 03:10:00,INV-01,0.0,0.0,18.7
2026-09-03 19:00:00,INV-01,0.0,0.0,18.0
2026-09-03 23:35:00,INV-01,0.0,0.0,17.7
2026-09-01 21:30:00,INV-01,0.0,0.0,17.6
2026-09-01 04:00:00,INV-01,0.0,0.0,18.3
2026-09-01 03:35:00,INV-01,0.0,0.0,17.6
2026-09-02 22:55:00,INV-01,0.0,0.0,17.0
2026-09-02 05:10:00,INV-01,0.0,0.0,17.4
2026-09-03 08:10:00,INV-01,1.781,363.9,29.8
2026-09-01 22:10:00,INV-01,0.0,0.0,17.2
2026-09-01 09:50:00,INV-01,3.653,781.9,39.9
2026-09-02 06:55:00,INV-01,0.602,120.5,22.8
2026-09-03 02:35:00,INV-01,0.0,0.0,17.8
2026-09-02 20:20:00,INV-01,0.0,0.0,17.7
2026-09-02 18:40:00,INV-01,0.0,0.0,17.7
2026-09-02 16:15:00,INV-01,1.407,292.9,27.6
2026-09-01 20:55:00,INV-01,0.0,0.0,18.2
2026-09-02 11:00:00,INV-01,4.223,917.4,44.7
2026-09-01 10:05:00,INV-01,3.516,747.1,39.5
2026-09-01 22:35:00,INV-01,0.0,0.0,19.0
2026-09-03 10:15:00,INV-01,3.899,849.3,41.6
2026-09-03 07:10:00,INV-01,0.681,139.7,23.2
2026-09-01 13:05:00,INV-01,4.029,877.7,44.1
2026-09-01 16:00:00,INV-01,1.623,328.8,27.9
2026-09-03 01:55:00,INV-01,0.0,0.0,17.6
2026-09-02 14:10:00,INV-01,3.45,738.7,40.3
2026-09-03 09:15:00,INV-01,2.846,610.8,36.6
2026-09-02 10:40:00,INV-01,3.908,861.1,42.4
2026-09-01 23:05:00,INV-01,0.0,0.0,17.7
2026-09-03 16:20:00,INV-01,1.217,246.4,27.2
2026-09-02 18:45:00,INV-01,0.0,0.0,17.9
2026-09-01 17:25:00,INV-01,0.211,42.3,20.6
2026-09-01 00:15:00,INV-01,0.0,0.0,17.4
2026-09-03 05:15:00,INV-01,0.0,0.0,18.0
2026-09-03 05:05:00,INV-01,0.0,0.0,17.7
2026-09-03 17:30:00,INV-01,0.134,27.0,20.0
2026-09-01 08:20:00,INV-01,1.87,386.5,30.0
2026-09-01 21:00:00,INV-01,0.0,0.0,18.5
2026-09-02 19:20:00,INV-01,0.0,0.0,18.8
2026-09-03 07:25:00,INV-01,0.866,176.2,23.9
2026-09-03 21:40:00,INV-01,0.0,0.0,18.5
2026-09-01 10:20:00,INV-01,3.978,853.2,41.6
2026-09-02 02:30:00,INV-01,0.0,0.0,18.4
2026-09-02 21:20:00,INV-01,0.0,0.0,17.2
2026-09-02 00:00:00,INV-01,0.0,0.0,17.5
2026-09-03 06:15:00,INV-01,0.076,15.3,19.3
2026-09-02 20:55:00,INV-01,0.0,0.0,17.7
2026-09-03 19:45:00,INV-01,0.0,0.0,18.1
2026-09-03 20:10:00,INV-01,0.0,0.0,18.5
2026-09-02 08:25:00,INV-01,2.196,456.3,31.8
2026-09-02 06:05:00,INV-01,0.0,0.0,17.5
2026-09-02 12:25:00,INV-01,4.105,901.5,44.7
2026-09-02 23:40:00,INV-01,0.0,0.0,17.8
2026-09-01 13:15:00,INV-01,4.176,902.7,42.8
2026-09-03 16:00:00,INV-01,1.736,362.5,29.5
2026-09-01 19:50:00,INV-01,0.0,0.0,18.3
2026-09-01 02:55:00,INV-01,0.0,0.0,18.1
2026-09-02 15:15:00,INV-01,2.42,499.9,32.6
2026-09-02 06:40:00,INV-01,0.475,96.4,20.8
2026-09-03 21:30:00,INV-01,0.0,0.0,17.7
2026-09-02 05:50:00,INV-01,0.0,0.0,18.7
2026-09-02 06:15:00,INV-01,0.068,13.8,19.4
2026-09-01 02:10:00,INV-01,0.0,0.0,17.2
2026-09-02 04:40:00,INV-01,0.0,0.0,19.0
2026-09-01 21:25:00,INV-01,0.0,0.0,17.1
2026-09-03 05:35:00,INV-01,0.0,0.0,17.7
2026-09-02 10:05:00,INV-01,3.542,768.8,41.2
2026-09-02 00:20:00,INV-01,0.0,0.0,17.9
2026-09-02 22:10:00,INV-01,0.0,0.0,18.3
2026-09-03 06:50:00,INV-01,0.276,55.4,21.6
2026-09-03 22:05:00,INV-01,0.0,0.0,17.3
2026-09-01 17:45:00,INV-01,0.0,0.0,18.2
2026-09-03 02:15:00,INV-01,0.0,0.0,17.7
2026-09-01 13:40:00,INV-01,3.663,798.7,41.5
2026-09-01 09:30:00,INV-01,2.966,628.6,37.9
2026-09-03 09:00:00,INV-01,2.783,590.2,34.7
2026-09-03 04:35:00,INV-01,0.0,0.0,17.5
2026-09-02 20:10:00,INV-01,0.0,0.0,17.7
2026-09-01 01:30:00,INV-01,0.0,0.0,18.6
2026-09-02 22:45:00,INV-01,0.0,0.0,17.6
2026-09-01 06:20:00,INV-01,0.304,62.2,19.7
2026-09-01 16:20:00,INV-01,1.482,303.8,28.2
2026-09-01 15:30:00,INV-01,2.015,425.1,30.8
2026-09-02 17:15:00,INV-01,0.399,82.2,22.1
2026-09-03 23:05:00,INV-01,0.0,0.0,17.7
2026-09-03 01:50:00,INV-01,0.0,0.0,17.0
2026-09-02 11:15:00,INV-01,4.164,917.1,44.2
2026-09-01 01:50:00,INV-01,0.0,0.0,17.7
2026-09-03 13:10:00,INV-01,4.063,886.6,44.0
2026-09-01 21:40:00,INV-01,0.0,0.0,18.9
2026-09-03 10:50:00,INV-01,3.984,879.9,42.2
2026-09-03 10:05:00,INV-01,3.481,759.4,40.7
2026-09-02 06:50:00,INV-01,0.703,142.2,22.2
2026-09-03 03:15:00,INV-01,0.0,0.0,17.0
2026-09-02 00:25:00,INV-01,0.0,0.0,18.5
2026-09-01 04:20:00,INV-01,0.0,0.0,17.5
2026-09-01 10:50:00,INV-01,4.121,905.4,43.2
2026-09-01 06:40:00,INV-01,0.283,57.5,21.5
2026-09-03 21:20:00,INV-01,0.0,0.0,17.8
2026-09-02 10:10:00,INV-01,3.776,829.7,42.4
2026-09-03 03:20:00,INV-01,0.0,0.0,18.8
2026-09-03 06:20:00,INV-01,0.097,19.6,19.9
2026-09-02 11:55:00,INV-01,4.48,996.9,46.4
2026-09-02 18:25:00,INV-01,0.0,0.0,17.4
2026-09-03 09:35:00,INV-01,3.188,675.4,38.9
2026-09-01 19:25:00,INV-01,0.0,0.0,18.1
2026-09-02 10:45:00,INV-01,4.043,894.2,43.6
2026-09-01 03:15:00,INV-01,0.0,0.0,18.2
2026-09-02 18:20:00,INV-01,0.0,0.0,18.4
2026-09-03 11:35:00,INV-01,4.036,902.2,44.9
2026-09-02 15:45:00,INV-01,1.823,384.7,31.0
2026-09-01 02:40:00,INV-01,0.0,0.0,18.1
2026-09-03 18:45:00,INV-01,0.0,0.0,17.6
2026-09-03 23:55:00,INV-01,0.0,0.0,18.6
2026-09-03 21:35:00,INV-01,0.0,0.0,18.9
2026-09-03 12:25:00,INV-01,4.354,967.8,45.2
2026-09-01 01:15:00,INV-01,0.0,0.0,18.1
2026-09-02 17:05:00,INV-01,0.554,112.6,22.6
2026-09-03 06:40:00,INV-01,0.13,26.6,19.9
2026-09-03 10:35:00,INV-01,4.081,887.0,43.5
2026-09-03 16:45:00,INV-01,0.966,194.1,24.7
2026-09-02 09:15:00,INV-01,2.857,606.2,36.7
2026-09-02 07:55:00,INV-01,1.625,335.9,29.5
2026-09-03 18:05:00,INV-01,0.0,0.0,17.3
2026-09-03 15:15:00,INV-01,2.474,521.7,34.3
2026-09-01 07:05:00,INV-01,0.868,176.3,23.3
2026-09-01 11:00:00,INV-01,4.219,925.8,43.4
2026-09-03 03:05:00,INV-01,0.0,0.0,18.7
2026-09-01 22:00:00,INV-01,0.0,0.0,18.4
2026-09-01 22:15:00,INV-01,0.0,0.0,18.5
2026-09-03 14:45:00,INV-01,3.051,658.9,37.2
2026-09-03 22:20:00,INV-01,0.0,0.0,17.9
2026-09-01 06:55:00,INV-01,0.428,87.9,21.9
2026-09-01 00:25:00,INV-01,0.0,0.0,18.4
2026-09-02 16:20:00,INV-01,1.394,288.2,26.6
2026-09-03 07:35:00,INV-01,1.131,230.7,25.4
2026-09-02 06:10:00,INV-01,0.0,0.0,19.2
2026-09-01 00:30:00,INV-01,0.0,0.0,18.8
2026-09-01 05:05:00,INV-01,0.0,0.0,18.3
2026-09-03 16:50:00,INV-01,0.79,162.7,24.3
2026-09-03 15:45:00,INV-01,1.984,419.0,31.5
2026-09-02 04:00:00,INV-01,0.0,0.0,17.4
2026-09-02 07:35:00,INV-01,1.224,247.0,26.5
2026-09-02 04:25:00,INV-01,0.0,0.0,17.4
2026-09-02 13:05:00,INV-01,3.976,868.7,43.2
2026-09-01 02:20:00,INV-01,0.0,0.0,18.7
2026-09-02 01:55:00,INV-01,0.0,0.0,17.6
2026-09-02 02:05:00,INV-01,0.0,0.0,18.9
2026-09-01 19:20:00,INV-01,0.0,0.0,17.0
2026-09-01 04:55:00,INV-01,0.0,0.0,17.8
2026-09-02 21:05:00,INV-01,0.0,0.0,17.4
2026-09-01 10:25:00,INV-01,3.669,792.0,40.5
2026-09-03 20:50:00,INV-01,0.0,0.0,18.5
2026-09-01 10:10:00,INV-01,3.718,801.2,41.2
2026-09-03 15:20:00,INV-01,2.151,453.6,31.6
2026-09-02 07:05:00,INV-01,0.525,108.0,21.7
2026-09-03 03:50:00,INV-01,0.0,0.0,17.2
2026-09-02 05:45:00,INV-01,0.0,0.0,17.3
2026-09-03 05:20:00,INV-01,0.0,0.0,17.2
2026-09-03 09:40:00,INV-01,3.258,700.7,38.1
2026-09-03 15:05:00,INV-01,2.429,505.0,33.7
2026-09-02 05:00:00,INV-01,0.0,0.0,17.4
2026-09-02 03:40:00,INV-01,0.0,0.0,18.4
2026-09-02 11:35:00,INV-01,4.443,975.0,46.2
2026-09-03 15:40:00,INV-01,2.202,460.1,32.2
2026-09-02 03:00:00,INV-01,0.0,0.0,18.4
2026-09-02 16:50:00,INV-01,0.835,172.0,22.9
2026-09-01 16:40:00,INV-01,1.0,203.1,25.3
2026-09-01 13:55:00,INV-01,3.752,823.8,41.0
2026-09-03 23:50:00,INV-01,0.0,0.0,18.2
2026-09-03 00:00:00,INV-01,0.0,0.0,18.6
2026-09-02 10:25:00,INV-01,3.791,812.8,41.8
2026-09-03 03:10:00,INV-01,0.0,0.0,17.1
2026-09-01 21:45:00,INV-01,0.0,0.0,17.8
2026-09-01 03:20:00,INV-01,0.0,0.0,18.4
2026-09-01 13:10:00,INV-01,4.143,919.4,44.6
2026-09-03 02:25:00,INV-01,0.0,0.0,18.5
2026-09-03 08:20:00,INV-01,2.141,442.4,31.8
2026-09-01 06:30:00,INV-01,0.009,1.8,18.3
2026-09-02 02:15:00,INV-01,0.0,0.0,18.4
2026-09-03 03:30:00,INV-01,0.0,0.0,18.2
2026-09-02 03:15:00,INV-01,0.0,0.0,17.9
2026-09-03 12:55:00,INV-01,4.103,896.9,44.5
2026-09-01 17:05:00,INV-01,0.498,101.3,22.0
2026-09-02 20:35:00,INV-01,0.0,0.0,18.7
2026-09-03 03:40:00,INV-01,0.0,0.0,18.4
2026-09-01 17:40:00,INV-01,0.0,0.0,18.6
2026-09-03 20:45:00,INV-01,0.0,0.0,18.0
2026-09-03 01:10:00,INV-01,0.0,0.0,17.9
2026-09-02 06:20:00,INV-01,0.0,0.0,19.0
2026-09-02 02:45:00,INV-01,0.0,0.0,18.6
2026-09-02 22:00:00,INV-01,0.0,0.0,18.6
2026-09-01 21:35:00,INV-01,0.0,0.0,18.4
2026-09-01 16:55:00,INV-01,0.705,144.4,22.4
2026-09-02 09:40:00,INV-01,3.363,709.3,37.9
2026-09-01 02:30:00,INV-01,0.0,0.0,18.6
2026-09-02 15:20:00,INV-01,2.222,471.0,32.5
2026-09-01 01:40:00,INV-01,0.0,0.0,18.6
2026-09-01 09:10:00,INV-01,2.735,586.1,36.3
2026-09-01 11:10:00,INV-01,4.116,889.2,43.1
2026-09-01 00:35:00,INV-01,0.0,0.0,17.2
2026-09-01 02:50:00,INV-01,0.0,0.0,17.8
2026-09-02 01:00:00,INV-01,0.0,0.0,17.9
2026-09-03 19:20:00,INV-01,0.0,0.0,17.1
2026-09-01 03:05:00,INV-01,0.0,0.0,18.2
2026-09-02 08:50:00,INV-01,2.428,507.4,34.4
2026-09-03 00:05:00,INV-01,0.0,0.0,18.1
2026-09-01 20:05:00,INV-01,0.0,0.0,17.4
2026-09-02 08:30:00,INV-01,2.356,490.8,32.0
2026-09-03 18:30:00,INV-01,0.0,0.0,18.0
2026-09-02 05:05:00,INV-01,0.0,0.0,17.5
2026-09-01 23:15:00,INV-01,0.0,0.0,18.6
2026-09-03 16:15:00,INV-01,1.222,247.6,26.1
2026-09-01 17:55:00,INV-01,0.0,0.0,17.4
2026-09-03 05:00:00,INV-01,0.0,0.0,17.7
2026-09-02 11:45:00,INV-01,4.317,971.6,46.2
2026-09-02 12:40:00,INV-01,4.06,881.8,44.1
2026-09-01 16:30:00,INV-01,1.132,229.4,26.4
2026-09-01 05:35:00,INV-01,0.0,0.0,17.1
2026-09-03 01:30:00,INV-01,0.0,0.0,18.3
2026-09-02 15:50:00,INV-01,1.775,361.9,29.4
2026-09-01 15:20:00,INV-01,2.327,491.0,33.2
2026-09-02 18:05:00,INV-01,0.0,0.0,18.7
2026-09-01 01:00:00,INV-01,0.0,0.0,17.1
2026-09-02 23:00:00,INV-01,0.0,0.0,18.7
2026-09-02 18:35:00,INV-01,0.0,0.0,17.5
2026-09-01 20:30:00,INV-01,0.0,0.0,18.1
2026-09-03 11:00:00,INV-01,4.147,923.4,44.3
2026-09-02 08:55:00,INV-01,2.596,551.1,34.5
2026-09-03 03:35:00,INV-01,0.0,0.0,18.1
2026-09-01 20:25:00,INV-01,0.0,0.0,18.3
2026-09-01 04:35:00,INV-01,0.0,0.0,18.2
2026-09-02 01:10:00,INV-01,0.0,0.0,17.8
2026-09-03 18:00:00,INV-01,0.0,0.0,18.7
2026-09-01 16:05:00,INV-01,1.543,318.6,27.3
2026-09-02 19:25:00,INV-01,0.0,0.0,17.1
2026-09-03 19:55:00,INV-01,0.0,0.0,17.9
2026-09-02 01:40:00,INV-01,0.0,0.0,17.7
2026-09-01 02:15:00,INV-01,0.0,0.0,17.2
2026-09-02 00:15:00,INV-01,0.0,0.0,18.0
2026-09-01 21:10:00,INV-01,0.0,0.0,18.6
2026-09-03 16:55:00,INV-01,0.481,97.4,22.5
2026-09-03 21:10:00,INV-01,0.0,0.0,17.2
2026-09-03 06:05:00,INV-01,0.063,12.8,19.0
2026-09-02 20:50:00,INV-01,0.0,0.0,18.2
2026-09-03 14:10:00,INV-01,3.458,742.2,39.8
2026-09-03 00:30:00,INV-01,0.0,0.0,18.3
2026-09-02 21:30:00,INV-01,0.0,0.0,17.7
2026-09-03 13:25:00,INV-01,3.998,870.1,42.5
2026-09-01 10:30:00,INV-01,3.901,860.3,42.1
2026-09-03 14:20:00,INV-01,3.299,711.3,38.8
2026-09-01 08:30:00,INV-01,2.251,463.7,31.6
2026-09-01 07:20:00,INV-01,0.774,157.0,24.4
2026-09-01 18:30:00,INV-01,0.0,0.0,17.1
2026-09-02 13:45:00,INV-01,3.895,839.0,42.2
2026-09-03 06:45:00,INV-01,0.385,77.3,20.2
2026-09-01 12:55:00,INV-01,4.307,944.1,45.6
2026-09-03 12:15:00,INV-01,4.429,973.5,45.4
2026-09-03 07:55:00,INV-01,1.624,331.8,29.3
2026-09-02 13:30:00,INV-01,3.783,823.3,42.5
2026-09-03 22:35:00,INV-01,0.0,0.0,17.7
2026-09-02 23:30:00,INV-01,0.0,0.0,18.5
2026-09-02 21:15:00,INV-01,0.0,0.0,17.4
2026-09-01 05:50:00,INV-01,0.0,0.0,17.4
2026-09-01 12:10:00,INV-01,4.202,926.0,45.0
2026-09-01 11:20:00,INV-01,4.093,895.9,44.5
2026-09-02 08:35:00,INV-01,2.278,483.2,32.7
2026-09-01 11:40:00,INV-01,4.151,908.0,43.3
2026-09-02 01:30:00,INV-01,0.0,0.0,17.4
2026-09-02 07:20:00,INV-01,1.037,209.3,24.8
2026-09-03 16:40:00,INV-01,1.148,232.0,24.7
2026-09-01 08:45:00,INV-01,2.605,550.0,34.4
2026-09-03 10:00:00,INV-01,3.403,727.9,40.2
2026-09-01 07:35:00,INV-01,1.351,278.8,27.5
2026-09-03 15:25:00,INV-01,2.388,498.0,32.0
2026-09-01 19:30:00,INV-01,0.0,0.0,19.0
2026-09-01 06:00:00,INV-01,0.177,35.8,18.3
2026-09-02 16:45:00,INV-01,0.673,138.0,22.8
2026-09-03 13:20:00,INV-01,3.931,869.7,42.6
2026-09-02 12:00:00,INV-01,4.188,911.9,44.5
2026-09-01 10:15:00,INV-01,3.532,764.8,40.6
2026-09-03 02:45:00,INV-01,0.0,0.0,18.0
2026-09-01 00:40:00,INV-01,0.0,0.0,17.8
2026-09-03 13:45:00,INV-01,3.927,849.5,41.3
2026-09-02 13:55:00,INV-01,3.581,787.4,41.2
2026-09-02 20:15:00,INV-01,0.0,0.0,17.2
2026-09-01 19:15:00,INV-01,0.0,0.0,17.2
2026-09-03 01:40:00,INV-01,0.0,0.0,17.8
2026-09-01 06:35:00,INV-01,0.409,84.1,20.7
2026-09-02 16:40:00,INV-01,0.696,142.8,24.3
2026-09-01 18:10:00,INV-01,0.0,0.0,17.1
2026-09-01 00:05:00,INV-01,0.0,0.0,17.1
2026-09-03 06:55:00,INV-01,0.595,121.0,22.3
2026-09-01 07:45:00,INV-01,1.161,240.1,26.3
2026-09-03 03:45:00,INV-01,0.0,0.0,17.8
2026-09-01 19:55:00,INV-01,0.0,0.0,18.5
2026-09-03 16:25:00,INV-01,1.357,275.7,26.2
2026-09-03 20:55:00,INV-01,0.0,0.0,17.6
2026-09-01 04:25:00,INV-01,0.0,0.0,18.9
2026-09-03 08:30:00,INV-01,2.217,465.1,32.0
2026-09-02 07:40:00,INV-01,1.415,292.0,26.4
2026-09-03 12:20:00,INV-01,4.266,957.1,45.7
2026-09-01 21:20:00,INV-01,0.0,0.0,17.2
2026-09-02 06:45:00,INV-01,0.384,77.2,21.0
2026-09-03 20:40:00,INV-01,0.0,0.0,17.1
2026-09-01 23:20:00,INV-01,0.0,0.0,17.2
2026-09-01 13:30:00,INV-01,3.737,817.7,40.8
2026-09-02 01:45:00,INV-01,0.0,0.0,18.8
2026-09-03 06:25:00,INV-01,0.234,47.0,20.1
2026-09-01 17:15:00,INV-01,0.447,89.8,21.7
2026-09-03 08:35:00,INV-01,2.175,457.4,31.5
2026-09-01 00:00:00,INV-01,0.0,0.0,18.3
2026-09-02 14:55:00,INV-01,2.925,625.1,35.5
2026-09-01 13:25:00,INV-01,3.94,851.0,42.1
2026-09-01 10:35:00,INV-01,4.092,891.9,42.8
2026-09-01 01:20:00,INV-01,0.0,0.0,17.4
2026-09-02 15:10:00,INV-01,2.619,558.3,35.4
2026-09-01 08:25:00,INV-01,1.933,406.3,30.3
2026-09-01 03:55:00,INV-01,0.0,0.0,17.6
2026-09-01 04:05:00,INV-01,0.0,0.0,17.7
2026-09-03 23:00:00,INV-01,0.0,0.0,17.6
2026-09-03 13:40:00,INV-01,4.036,867.0,42.1
2026-09-03 11:20:00,INV-01,3.991,882.5,43.6
2026-09-01 11:05:00,INV-01,4.262,956.8,45.9
2026-09-03 05:45:00,INV-01,0.0,0.0,18.6
2026-09-02 22:40:00,INV-01,0.0,0.0,18.4
2026-09-02 04:45:00,INV-01,0.0,0.0,18.0
2026-09-02 00:10:00,INV-01,0.0,0.0,18.1
2026-09-02 03:30:00,INV-01,0.0,0.0,18.5
2026-09-03 10:45:00,INV-01,4.117,894.0,42.7
2026-09-03 13:05:00,INV-01,4.127,893.3,43.5
2026-09-01 18:00:00,INV-01,0.057,11.6,17.3
2026-09-03 20:20:00,INV-01,0.0,0.0,17.8
2026-09-03 10:10:00,INV-01,3.829,832.1,41.0
2026-09-02 09:55:00,INV-01,3.525,751.8,39.4
2026-09-02 21:35:00,INV-01,0.0,0.0,18.5
2026-09-03 19:35:00,INV-01,0.0,0.0,18.3
2026-09-02 06:30:00,INV-01,0.254,50.8,19.7
2026-09-02 15:05:00,INV-01,2.736,585.7,34.7
2026-09-03 05:10:00,INV-01,0.0,0.0,17.3
2026-09-01 00:10:00,INV-01,0.0,0.0,17.6
2026-09-03 01:35:00,INV-01,0.0,0.0,17.1
2026-09-02 03:55:00,INV-01,0.0,0.0,17.2
2026-09-02 17:35:00,INV-01,0.161,33.2,20.4
2026-09-02 14:45:00,INV-01,2.943,622.8,36.4
2026-09-02 07:25:00,INV-01,1.217,247.6,26.4
2026-09-01 23:40:00,INV-01,0.0,0.0,18.4
2026-09-02 19:55:00,INV-01,0.0,0.0,18.1
2026-09-02 10:20:00,INV-01,3.736,820.4,42.3
2026-09-01 07:55:00,INV-01,1.519,314.6,28.2
2026-09-01 06:25:00,INV-01,0.396,81.4,20.5
2026-09-02 14:30:00,INV-01,3.344,715.6,39.4
2026-09-02 08:00:00,INV-01,1.609,335.3,27.9
2026-09-02 11:20:00,INV-01,4.329,949.6,44.7
2026-09-03 05:30:00,INV-01,0.0,0.0,18.8
2026-09-01 22:55:00,INV-01,0.0,0.0,17.7
2026-09-03 19:30:00,INV-01,0.0,0.0,18.8
2026-09-01 12:05:00,INV-01,4.113,902.5,44.6
2026-09-02 09:30:00,INV-01,2.976,635.3,38.0
2026-09-03 09:50:00,INV-01,3.522,764.4,39.3
2026-09-02 03:25:00,INV-01,0.0,0.0,17.9
2026-09-01 12:25:00,INV-01,4.351,973.3,45.6
2026-09-01 21:15:00,INV-01,0.0,0.0,18.9
2026-09-01 11:15:00,INV-01,4.312,958.9,45.8
2026-09-01 10:45:00,INV-01,3.958,877.6,44.0
2026-09-01 23:35:00,INV-01,0.0,0.0,18.7
2026-09-03 23:20:00,INV-01,0.0,0.0,18.4
2026-09-02 11:05:00,INV-01,4.155,909.0,43.0
2026-09-01 11:30:00,INV-01,4.023,891.1,44.4
2026-09-01 08:05:00,INV-01,1.717,358.7,29.8
2026-09-02 19:50:00,INV-01,0.0,0.0,18.6
2026-09-01 22:45:00,INV-01,0.0,0.0,17.7
2026-09-03 10:55:00,INV-01,3.971,870.5,43.8
2026-09-02 00:40:00,INV-01,0.0,0.0,18.7
2026-09-03 19:40:00,INV-01,0.0,0.0,17.9
2026-09-02 03:35:00,INV-01,0.0,0.0,17.7
2026-09-03 11:30:00,INV-01,4.177,913.2,44.0
2026-09-02 21:55:00,INV-01,0.0,0.0,18.9
2026-09-03 18:15:00,INV-01,0.0,0.0,18.2
2026-09-01 23:55:00,INV-01,0.0,0.0,18.9
2026-09-02 21:25:00,INV-01,0.0,0.0,18.7
2026-09-03 08:50:00,INV-01,2.351,489.6,33.7
2026-09-03 00:35:00,INV-01,0.0,0.0,17.5
2026-09-01 05:00:00,INV-01,0.0,0.0,19.0
2026-09-03 08:15:00,INV-01,1.83,375.3,29.7
2026-09-01 11:50:00,INV-01,4.146,920.5,44.7
2026-09-03 04:30:00,INV-01,0.0,0.0,18.7
2026-09-01 14:05:00,INV-01,3.509,761.0,40.1
2026-09-02 12:30:00,INV-01,4.093,913.2,45.0
2026-09-03 05:55:00,INV-01,0.0,0.0,17.5
2026-09-03 04:00:00,INV-01,0.0,0.0,17.6
2026-09-03 02:10:00,INV-01,0.0,0.0,17.5
2026-09-01 17:50:00,INV-01,0.125,25.7,18.7
2026-09-01 20:10:00,INV-01,0.0,0.0,17.0
2026-09-03 16:35:00,INV-01,1.026,210.5,25.1
2026-09-02 13:25:00,INV-01,4.007,864.9,42.7
2026-09-01 07:25:00,INV-01,1.131,233.8,25.6
2026-09-03 17:45:00,INV-01,0.062,12.7,18.3
2026-09-01 22:25:00,INV-01,0.0,0.0,18.2
2026-09-03 20:30:00,INV-01,0.0,0.0,17.4
2026-09-03 11:55:00,INV-01,4.082,903.7,44.6
2026-09-03 17:10:00,INV-01,0.373,75.7,22.2
2026-09-01 21:05:00,INV-01,0.0,0.0,17.2
2026-09-03 07:45:00,INV-01,1.419,293.4,26.5
2026-09-03 19:25:00,INV-01,0.0,0.0,18.0
2026-09-02 12:15:00,INV-01,4.259,935.1,44.0
2026-09-01 18:35:00,INV-01,0.0,0.0,17.8
2026-09-02 22:35:00,INV-01,0.0,0.0,17.4
2026-09-02 13:35:00,INV-01,3.768,817.9,42.0
2026-09-01 03:30:00,INV-01,0.0,0.0,17.5
2026-09-02 22:15:00,INV-01,0.0,0.0,17.1
2026-09-02 07:15:00,INV-01,0.76,153.3,23.1
2026-09-02 22:20:00,INV-01,0.0,0.0,18.9
2026-09-01 22:50:00,INV-01,0.0,0.0,17.9
2026-09-03 17:50:00,INV-01,0.0,0.0,17.9
2026-09-03 00:50:00,INV-01,0.0,0.0,17.9
2026-09-01 09:35:00,INV-01,3.427,732.5,40.0
2026-09-03 15:55:00,INV-01,1.822,372.1,29.3
2026-09-02 22:50:00,INV-01,0.0,0.0,17.7
2026-09-02 18:15:00,INV-01,0.0,0.0,18.5
2026-09-03 00:15:00,INV-01,0.0,0.0,17.1
2026-09-03 17:35:00,INV-01,0.333,68.4,21.2
2026-09-01 14:20:00,INV-01,3.382,725.2,39.5
2026-09-03 14:25:00,INV-01,3.24,702.2,38.0
2026-09-03 15:00:00,INV-01,2.809,597.7,35.3
2026-09-01 19:10:00,INV-01,0.0,0.0,17.5
2026-09-01 23:25:00,INV-01,0.0,0.0,18.9
2026-09-01 02:45:00,INV-01,0.0,0.0,18.9
2026-09-02 00:55:00,INV-01,0.0,0.0,17.5
2026-09-01 18:45:00,INV-01,0.0,0.0,17.7
2026-09-01 02:35:00,INV-01,0.0,0.0,18.5
2026-09-03 00:10:00,INV-01,0.0,0.0,17.2
2026-09-01 07:00:00,INV-01,0.594,118.9,22.4
2026-09-01 14:15:00,INV-01,3.132,672.9,39.0
2026-09-02 17:40:00,INV-01,0.0,0.0,18.9
2026-09-02 13:50:00,INV-01,3.717,807.5,40.9
2026-09-03 23:15:00,INV-01,0.0,0.0,18.1
2026-09-02 11:25:00,INV-01,4.159,900.6,43.9
2026-09-03 10:25:00,INV-01,3.887,832.1,41.4
2026-09-02 10:50:00,INV-01,4.196,911.0,42.9
2026-09-02 18:10:00,INV-01,0.0,0.0,18.3
2026-09-03 07:40:00,INV-01,1.213,245.6,26.5
2026-09-02 19:05:00,INV-01,0.0,0.0,18.3
2026-09-02 23:55:00,INV-01,0.0,0.0,18.4
2026-09-02 08:45:00,INV-01,2.593,542.6,33.8
2026-09-01 16:35:00,INV-01,1.001,204.9,24.5
2026-09-02 17:20:00,INV-01,0.471,95.6,22.0
2026-09-01 00:45:00,INV-01,0.0,0.0,17.1
2026-09-02 06:35:00,INV-01,0.099,20.1,20.1
2026-09-01 04:30:00,INV-01,0.0,0.0,18.3
2026-09-03 04:50:00,INV-01,0.0,0.0,17.8
2026-09-02 14:25:00,INV-01,3.003,651.4,38.4
2026-09-02 02:50:00,INV-01,0.0,0.0,17.2
2026-09-03 19:15:00,INV-01,0.0,0.0,17.7
2026-09-01 11:55:00,INV-01,4.328,948.6,45.8
2026-09-02 00:35:00,INV-01,0.0,0.0,18.7
2026-09-03 18:35:00,INV-01,0.0,0.0,18.0
2026-09-01 14:10:00,INV-01,3.475,743.1,39.1
2026-09-02 23:20:00,INV-01,0.0,0.0,18.3
2026-09-01 14:45:00,INV-01,2.792,583.9,35.5
2026-09-03 07:00:00,INV-01,0.649,130.2,23.3
2026-09-03 16:05:00,INV-01,1.773,361.2,28.9
2026-09-02 21:50:00,INV-01,0.0,0.0,18.7
2026-09-03 06:10:00,INV-01,0.0,0.0,18.9
2026-09-02 17:30:00,INV-01,0.212,42.8,19.7
2026-09-03 21:15:00,INV-01,0.0,0.0,19.0
2026-09-02 12:05:00,INV-01,4.326,944.3,45.3
2026-09-02 08:40:00,INV-01,2.283,475.1,32.3
2026-09-03 01:00:00,INV-01,0.0,0.0,18.5
2026-09-01 11:45:00,INV-01,4.226,925.3,44.7
2026-09-03 02:50:00,INV-01,0.0,0.0,18.7
2026-09-02 11:40:00,INV-01,4.269,933.2,44.3
2026-09-03 18:10:00,INV-01,0.0,0.0,17.7
2026-09-02 19:35:00,INV-01,0.0,0.0,17.2
2026-09-01 12:00:00,INV-01,4.117,911.3,44.1
2026-09-03 11:10:00,INV-01,4.12,908.8,44.6
2026-09-02 07:50:00,INV-01,1.369,278.0,26.5
2026-09-01 15:35:00,INV-01,1.982,407.7,30.8
2026-09-01 09:55:00,INV-01,3.511,746.7,39.6
2026-09-01 20:20:00,INV-01,0.0,0.0,17.3
2026-09-01 10:00:00,INV-01,3.766,812.7,41.3
2026-09-03 18:20:00,INV-01,0.0,0.0,17.6
2026-09-01 11:25:00,INV-01,4.283,944.1,45.8
2026-09-03 09:20:00,INV-01,2.993,631.6,36.3
2026-09-01 07:10:00,INV-01,0.628,126.1,23.8
2026-09-03 02:20:00,INV-01,0.0,0.0,17.0
2026-09-03 04:25:00,INV-01,0.0,0.0,17.2
2026-09-02 01:20:00,INV-01,0.0,0.0,18.7
2026-09-03 12:10:00,INV-01,4.262,953.0,45.7
2026-09-03 09:25:00,INV-01,3.023,649.4,37.3
2026-09-01 14:40:00,INV-01,2.933,628.2,36.5
2026-09-03 04:40:00,INV-01,0.0,0.0,18.2
2026-09-02 06:00:00,INV-01,0.174,35.4,18.9
2026-09-03 18:50:00,INV-01,0.0,0.0,17.0
2026-09-03 02:05:00,INV-01,0.0,0.0,17.3
2026-09-02 09:25:00,INV-01,3.264,694.9,38.0
2026-09-03 04:05:00,INV-01,0.0,0.0,18.6
2026-09-02 09:05:00,INV-01,2.761,584.6,36.4
2026-09-03 02:55:00,INV-01,0.0,0.0,18.6
2026-09-02 02:40:00,INV-01,0.0,0.0,18.0
2026-09-03 06:30:00,INV-01,0.277,56.9,19.5
2026-09-02 21:00:00,INV-01,0.0,0.0,18.2
2026-09-02 17:45:00,INV-01,0.0,0.0,18.1
2026-09-03 09:10:00,INV-01,2.967,630.8,35.8
2026-09-01 22:20:00,INV-01,0.0,0.0,18.7
2026-09-02 15:00:00,INV-01,2.464,519.8,34.8
2026-09-01 16:45:00,INV-01,0.9,185.2,23.8
2026-09-02 03:45:00,INV-01,0.0,0.0,17.5
2026-09-02 07:10:00,INV-01,0.54,109.4,22.5
2026-09-01 15:55:00,INV-01,1.804,378.8,30.3
2026-09-02 21:45:00,INV-01,0.0,0.0,18.6
2026-09-01 08:40:00,INV-01,2.386,505.6,32.7
2026-09-03 01:15:00,INV-01,0.0,0.0,17.6
2026-09-01 05:20:00,INV-01,0.0,0.0,18.7
2026-09-03 12:00:00,INV-01,4.427,972.1,45.7
2026-09-03 16:10:00,INV-01,1.241,255.8,26.1
2026-09-01 23:45:00,INV-01,0.0,0.0,17.9
2026-09-01 17:30:00,INV-01,0.436,87.9,20.6
2026-09-01 18:15:00,INV-01,0.0,0.0,18.3
2026-09-03 12:05:00,INV-01,4.341,972.0,45.1
2026-09-01 00:20:00,INV-01,0.0,0.0,18.5
2026-09-02 09:10:00,INV-01,2.826,605.5,35.8
2026-09-02 12:35:00,INV-01,4.2,929.8,44.0
2026-09-03 02:30:00,INV-01,0.0,0.0,17.4
2026-09-02 14:20:00,INV-01,3.383,733.4,39.7
2026-09-01 16:50:00,INV-01,0.668,136.3,22.7
2026-09-03 04:20:00,INV-01,0.0,0.0,18.8
2026-09-03 14:55:00,INV-01,2.754,578.0,34.5
2026-09-01 02:25:00,INV-01,0.0,0.0,18.2
2026-09-02 09:45:00,INV-01,3.478,759.5,39.8
2026-09-02 12:50:00,INV-01,4.121,901.8,44.0
2026-09-03 08:05:00,INV-01,1.655,340.7,29.9
2026-09-03 06:35:00,INV-01,0.249,50.9,19.8
2026-09-01 15:50:00,INV-01,1.666,349.8,29.6
2026-09-01 15:40:00,INV-01,1.804,372.1,29.9
2026-09-03 05:40:00,INV-01,0.0,0.0,18.5
2026-09-02 10:30:00,INV-01,3.88,842.6,41.5
2026-09-03 20:00:00,INV-01,0.0,0.0,18.8
2026-09-01 19:45:00,INV-01,0.0,0.0,18.6
2026-09-02 15:25:00,INV-01,2.421,507.2,32.4
2026-09-02 12:20:00,INV-01,4.254,950.8,45.6
2026-09-02 23:45:00,INV-01,0.0,0.0,17.7
2026-09-02 04:10:00,INV-01,0.0,0.0,18.1
2026-09-01 13:35:00,INV-01,3.79,815.6,42.4
2026-09-02 23:05:00,INV-01,0.0,0.0,18.1
2026-09-01 14:50:00,INV-01,2.908,618.3,37.1
2026-09-02 20:00:00,INV-01,0.0,0.0,18.2
2026-09-01 20:45:00,INV-01,0.0,0.0,18.5
2026-09-03 15:10:00,INV-01,2.686,560.9,35.0
2026-09-01 14:00:00,INV-01,3.487,759.4,40.6
2026-09-03 20:15:00,INV-01,0.0,0.0,17.7
2026-09-03 09:45:00,INV-01,3.379,722.9,40.0
2026-09-01 09:15:00,INV-01,2.774,589.9,35.7
2026-09-03 07:15:00,INV-01,0.656,131.5,22.4
2026-09-02 05:15:00,INV-01,0.0,0.0,17.0
2026-09-01 01:55:00,INV-01,0.0,0.0,17.3
2026-09-01 09:45:00,INV-01,3.307,710.9,38.0
2026-09-03 12:35:00,INV-01,4.474,974.6,45.4
2026-09-03 21:05:00,INV-01,0.0,0.0,18.4
2026-09-01 03:45:00,INV-01,0.0,0.0,17.5
2026-09-02 01:35:00,INV-01,0.0,0.0,18.6
2026-09-01 05:40:00,INV-01,0.0,0.0,17.6
2026-09-02 03:10:00,INV-01,0.0,0.0,18.2
2026-09-02 14:35:00,INV-01,3.281,699.9,39.2
2026-09-03 11:25:00,INV-01,4.112,899.6,43.8
2026-09-02 13:20:00,INV-01,3.968,883.0,43.7
2026-09-01 08:15:00,INV-01,1.847,387.5,30.2
2026-09-02 16:35:00,INV-01,0.952,191.0,24.0
2026-09-02 05:40:00,INV-01,0.0,0.0,18.4
2026-09-02 17:10:00,INV-01,0.594,122.1,22.2
2026-09-02 20:25:00,INV-01,0.0,0.0,18.3
2026-09-01 17:35:00,INV-01,0.188,38.5,19.8
2026-09-03 18:55:00,INV-01,0.0,0.0,18.9
